<?xml version="1.0" encoding="utf-8"?>
<SystemProperties>
  <SystemName>IRB2600ID_8_200</SystemName>
  <SerialNo>VIRTUAL_USE</SerialNo>
  <UsedMedia>
    <Media path="C:\Users\ncely\AppData\Local\ABB\RobotWare\RobotWare_6.15.8029" name="RobotWare" version="6.15.8029">
    </Media>
  </UsedMedia>
  <ControlModule>
    <Option descr="RobotWare Base">
    </Option>
    <Option descr="English">
    </Option>
  </ControlModule>
  <DriveModule>
    <Name>Robot1</Name>
    <Option descr="Drive System IRB 2600/390/4400/6400R">
    </Option>
    <Option descr="ADU-790A in position X3">
    </Option>
    <Option descr="ADU-790A in position Y3">
    </Option>
    <Option descr="ADU-790A in position Z3">
    </Option>
    <Option descr="Axis Calibration">
    </Option>
    <Option descr="IRB 2600ID-8/2.00 Type A">
    </Option>
  </DriveModule>
</SystemProperties>