<?xml version='1.0' encoding='UTF-8'?>
<system creation-date="2025-07-20 17:57:58.330000" desc="" enable="False" id="863C6F50-6B48-4A50-964D-840CE77DF8FF" last-modified-date="" name="Controller2"><applications><application name="RobotWare" version="6.15.8029"><settings><system-xml path="C:\Users\ncely\OneDrive\Documentos\RobotStudio\Projects\ChasisWelder\Virtual Controllers\Controller2\system.xml" /><key-id path="C:\Users\ncely\OneDrive\Documentos\RobotStudio\Projects\ChasisWelder\Virtual Controllers\Controller2\INTERNAL\key.id" /><setting-file path="C:\Users\ncely\OneDrive\Documentos\RobotStudio\Projects\ChasisWelder\Virtual Controllers\Controller2\INTERNAL\controller.rsf" /></settings></application></applications></system>