<?xml version='1.0' encoding='UTF-8'?>
<system creation-date="2025-07-20 16:49:40.199000" desc="" enable="False" id="CA187BF7-8387-4E6E-A980-B0BA6C24D922" last-modified-date="" name="IRB2600ID_8_200"><applications><application name="RobotWare" version="6.15.8029"><settings><system-xml path="C:\Users\ncely\OneDrive\Documentos\RobotStudio\Projects\ChasisWelder\Virtual Controllers\IRB2600ID_8_200\system.xml" /><key-id path="C:\Users\ncely\OneDrive\Documentos\RobotStudio\Projects\ChasisWelder\Virtual Controllers\IRB2600ID_8_200\INTERNAL\key.id" /><setting-file path="C:\Users\ncely\OneDrive\Documentos\RobotStudio\Projects\ChasisWelder\Virtual Controllers\IRB2600ID_8_200\INTERNAL\controller.rsf" /></settings></application></applications></system>